INSERT INTO idols (id, name) VALUES
    (1, '天海春香')
    , (2, '如月千早')
    , (3, '星井美希')
    , (4, '萩原雪歩')
    , (5, '高槻やよい')
    , (6, '菊地真')
    , (7, '水瀬伊織')
    , (8, '四条貴音')
    , (9, '秋月律子')
    , (10, '三浦あずさ')
    , (11, '双海亜美')
    , (12, '双海真美')
    , (13, '我那覇響')
    , (14, '春日未来')
    , (15, '最上静香')
    , (16, '伊吹翼')
    , (17, '田中琴葉')
    , (18, '島原エレナ')
    , (19, '佐竹美奈子')
    , (20, '所恵美')
    , (21, '徳川まつり')
    , (22, '箱崎星梨花')
    , (23, '野々原茜')
    , (24, '望月杏奈')
    , (25, 'ロコ')
    , (26, '七尾百合子')
    , (27, '高山紗代子')
    , (28, '松田亜利沙')
    , (29, '高坂海美')
    , (30, '中谷育')
    , (31, '天空橋朋花')
    , (32, 'エミリー')
    , (33, '北沢志保')
    , (34, '舞浜歩')
    , (35, '木下ひなた')
    , (36, '矢吹可奈')
    , (37, '横山奈緒')
    , (38, '二階堂千鶴')
    , (39, '馬場このみ')
    , (40, '大神環')
    , (41, '豊川風花')
    , (42, '宮尾美也')
    , (43, '福田のり子')
    , (44, '真壁瑞希')
    , (45, '篠宮可憐')
    , (46, '百瀬莉緒')
    , (47, '永吉昴')
    , (48, '北上麗花')
    , (49, '周防桃子')
    , (50, 'ジュリア')
    , (51, '白石紬')
    , (52, '桜守歌織')
    ;

INSERT INTO dramas (id, name) VALUES
    (4, '孤島サスペンスホラー')
    , (5, 'おとぎの国の物語')
    , (6, '近未来アウトサイダー')
    ;

INSERT INTO roles (id, name, name_en) VALUES
    (16, '主人公', 'heroine')
    , (17, '友達', 'friend')
    , (18, '先生', 'teacher')
    , (19, '館の女主人', 'mistress')
    , (20, 'メイド', 'maid')
    , (21, '少女', 'girl')
    , (22, '妖精', 'fairy')
    , (23, '魔法使い', 'witch')
    , (24, 'オオカミ', 'wolf')
    , (25, '旅人', 'traveler')
    , (26, 'ダスク', 'dusk')
    , (27, 'バスターブレイド', 'buster brade')
    , (28, 'アマリリス', 'amaryllis')
    , (29, 'ベルベット', 'velvet')
    , (30, 'ファイナルデイ', 'final day')
    ;

INSERT INTO drama_roles (drama_id, role_id) VALUES
    (4, 16)
    , (4, 17)
    , (4, 18)
    , (4, 19)
    , (4, 20)
    , (5, 21)
    , (5, 22)
    , (5, 23)
    , (5, 24)
    , (5, 25)
    , (6, 26)
    , (6, 27)
    , (6, 28)
    , (6, 29)
    , (6, 30)
    ;
